id,name,birth_date
1,Chantal Shervington,1977-05-09
2,Jermayne Nowell,1981-08-21
3,Agneta Turone,2000-08-11
4,Mylo De Ferrari,1979-12-12
5,Angus Bullar,1986-08-09
6,Duncan Munns,1994-04-20
7,Aldin MacGettigen,1982-06-18
8,Herbie Sinnie,1976-02-12
9,Madeline Cookson,1974-05-06
10,Shelby Hamley,1987-10-05
11,Hallie Padrick,1999-09-06
12,Othello Barnet,1976-02-19
13,Frederick MacKaig,1997-11-27
14,Giulia Wilber,1974-01-09
15,Shir Alway,1972-07-15
16,Sigfrid Gribben,2005-12-24
17,Kath Lepoidevin,1977-10-28
18,Ambur Ludewig,1973-10-21
19,Malcolm Dallimare,1997-10-31
20,Faith Heiner,1991-01-18
21,Kimbra Le Page,1983-11-29
22,Melisenda Ivashin,1971-05-29
23,Benjy Rawes,1981-03-24
24,Bailie D'Emanuele,1978-12-11
25,Gardie Evill,1993-09-16
26,Leroy Clooney,1985-12-15
27,Clare Stiggles,2000-01-05
28,Marley Monte,1979-05-13
29,Delilah Baker,1992-01-01
30,Mellie Flewitt,1986-11-14
31,Clio Mouat,1998-04-06
32,Lela Bratchell,2002-10-07
33,Sabrina Gaitung,1976-06-24
34,Hector Berggren,2000-01-17
35,Tine Thynne,1979-10-08
36,Uri Blower,1985-05-28
37,Yurik Bushaway,2005-10-26
38,David Vasyushkhin,1985-12-13
39,Dael Pudsey,1977-04-19
40,Torrin Seniour,1978-09-26
41,Cirilo Simak,1972-11-04
42,Amelina Bogie,1999-11-06
43,Kris Rickersy,1972-06-19
44,Sibby Bernaldez,1981-05-11
45,Skippie Longford,2002-10-13
46,Rozalin Stockell,2005-11-11
47,Terry Wand,2005-09-27
48,Katya Nester,1970-01-03
49,Amelita Prettyjohn,1990-01-15
50,Welbie Lars,1996-10-10
51,Shayna Downage,1980-10-16
52,Chloette Curphey,1976-02-29
53,Perl Poyle,1990-09-19
54,Zandra Turfs,1990-08-28
55,Cinderella Fennelow,1987-08-16
56,Abram Dollin,1976-01-30
57,Sibby Alvarado,1974-08-13
58,Cleve Sambell,1972-08-12
59,Mackenzie Rogans,1985-04-29
60,Cynthea Olifaunt,1981-09-29
61,Paco Rapley,1983-05-28
62,Stern Moyer,1996-07-31
63,Nerti Blenkharn,1971-04-28
64,Tyrone De Robertis,1994-02-03
65,Bryan Matschek,1971-05-01
66,Isaiah Wareing,1987-12-08
67,Josias Itschakov,1972-02-12
68,Cloe Everett,1975-10-16
69,Ilsa Waulker,1983-03-19
70,Adelle Riordan,1976-05-08
71,Etienne Holah,1977-05-20
72,Carree Charke,1998-09-19
73,Tedie Casperri,1999-02-17
74,Leonid Biswell,1985-10-04
75,Lucas Campione,1993-07-20
76,Aristotle Loweth,2002-12-02
77,Shantee Morris,1976-06-28
78,Graig Allibon,1986-12-05
79,Gwenore Richold,1974-01-16
80,Nikolaos Eborall,2002-07-01
81,Oren Coalbran,1983-07-17
82,Brynna Hyrons,1982-01-10
83,Jilli Archbell,1984-06-28
84,Yorgo Romeril,1993-11-27
85,Lindsey Harnell,1998-10-26
86,Orton Kirsopp,1981-10-18
87,Romain Lawty,1995-05-16
88,Idette Esparza,2000-06-08
89,Hamlin Christin,1977-11-09
90,Clarey Fautly,1999-01-29
91,Willem McElhinney,1997-04-17
92,Gillan Sandey,1975-06-19
93,Laurianne Milmith,1986-04-10
94,Hilario Chape,1994-03-01
95,Jamil Baszniak,1976-04-23
96,Merridie Cuddihy,2003-04-11
97,Xenia Carey,1989-02-09
98,Nadia Wheldon,1997-10-12
99,Ashly Cowpe,1987-10-14
100,Devlen Downgate,1978-12-22
101,Ira Connelly,1996-04-27
102,Cyndy Driffe,2004-03-27
103,Wes Kohrding,2004-07-22
104,Hendrik Chapell,1989-02-21
105,Isacco Gannan,2005-09-24
106,Giustina Maxworthy,2003-06-28
107,Arnaldo Habbin,1991-03-28
108,Wylma Cathersides,2001-07-30
109,Cassi Spuner,2002-03-19
110,Ike Cotsford,1988-02-06
111,Winne Connop,1992-03-16
112,Ranique Bate,1996-05-19
113,Sheba Orum,1979-11-09
114,Sybil McSpirron,1970-10-12
115,Lina Skoyles,1976-05-16
116,Valry O'Hoolahan,2004-03-23
117,Thebault Charpling,1983-08-10
118,Leeann Alenov,1977-12-07
119,Ricky McVitie,1995-08-09
120,Kiele Posner,1989-05-09
121,Korney McCoughan,2001-08-08
122,Eolanda Kubicek,1992-05-21
123,Jolyn Grafton-Herbert,2001-01-23
124,Drucy O'Hallagan,1973-10-12
125,Tabatha Yesichev,1973-05-07
126,Nathalie De Minico,1986-01-06
127,Nora Gehringer,2001-06-26
128,Guido Malling,2002-09-02
129,Taddeusz Cheke,1989-05-18
130,Dinny MacGill,1996-01-28
131,Donnamarie Spellacy,1997-11-17
132,Alfy Crichmere,1970-05-22
133,Bo Flacknell,1971-11-19
134,Edi Agent,1993-09-22
135,Orville Ebertz,1976-10-05
136,Orland Kigelman,1970-11-27
137,Kaleena Pariso,1999-03-02
138,Dominique Flicker,1972-12-26
139,Hermann Houdhury,1982-05-11
140,Martha Faireclough,1984-06-17
141,Allianora Bon,2003-06-07
142,Dita Beche,1974-05-30
143,Paulie Cutill,1997-05-02
144,Sidnee Gration,1995-04-06
145,Euphemia Di Pietro,1985-04-10
146,Leanna Romanelli,1983-05-18
147,Zoe Cleveley,2001-09-10
148,Jackelyn Mansour,1972-01-18
149,Levey Ellph,1973-07-26
150,Ive Di Antonio,1981-06-16
151,Marcos Habbershon,2002-12-04
152,Karmen Geekin,1990-11-26
153,Lizzie Skeath,1991-11-29
154,Evy Doree,1981-02-05
155,Towny Botte,1998-11-18
156,Adlai Parfrey,1980-04-13
157,Baudoin Baggott,1984-04-11
158,Archambault Coltart,1991-03-22
159,Germayne Dinwoodie,1970-03-19
160,Elsworth Climar,1977-07-10
161,Leo Bisson,1981-01-05
162,Emlyn Austing,1985-01-16
163,Marybeth Blitzer,2001-10-13
164,Chandler Kermit,1984-12-07
165,Catherina Frazer,1977-02-18
166,Morgan Snadden,1995-10-25
167,Fernando Boxhall,1986-01-04
168,Lesly Christol,1977-03-28
169,Gilemette Seebright,1996-12-10
170,Bert Simmank,1989-06-14
171,Philly Lomasney,2005-09-24
172,Ellynn Chrippes,1973-09-21
173,Minette Francisco,2000-09-13
174,Corinne Wonter,1986-12-03
175,Kimbra Arpur,1994-05-03
176,Cicily Vieyra,1994-04-14
177,Morganne Mayhead,2002-08-16
178,Karoline Easthope,1999-07-27
179,Berty Brimblecomb,1979-10-04
180,Guillemette Elvey,1992-03-05
181,Archer Cutting,1993-06-19
182,Anastasia Antonignetti,1973-01-06
183,Sara Aughton,1974-08-17
184,Debbie Crocken,1995-08-21
185,Derby Jeff,1990-06-29
186,Elenore Heggman,1975-12-10
187,Shantee Lambin,1970-06-01
188,Kellie Tumioto,1972-08-31
189,Corinne Heersema,1989-02-12
190,Siward MacMenemy,1974-01-15
191,Abbi Mansel,1993-11-26
192,Jeanie Kittless,1993-12-07
193,Arlana Sangwine,1986-07-16
194,Lynnelle Hedley,1998-08-30
195,Celinka Bloxsome,1993-08-11
196,Toni Windows,2000-07-27
197,Margaret Morgans,1975-03-28
198,Kerry Meysham,1974-07-22
199,Isadora MacGuigan,1999-11-25
200,Maisey Saye,1986-08-01
201,Giffie Cotgrave,1995-09-17
202,Leroy Sponer,1985-01-20
203,Bel Stalman,1984-01-29
204,Olvan Ovesen,1997-06-21
205,Dario Dodge,1987-06-13
206,Brita Goosey,1980-10-23
207,Thoma Kalf,1983-11-07
208,Ag Medgewick,1991-01-25
209,Tiphanie Deelay,1986-12-25
210,Tammara Gommery,2000-03-03
211,Calley Steabler,1988-01-13
212,Rowney Winger,1981-10-11
213,Ree Croom,2002-05-06
214,Madlin Gallatly,1978-05-15
215,Daria Janssen,1975-11-19
216,Daniela Janda,1999-10-26
217,Katharina Gittins,2003-11-18
218,Sanson Brennan,2005-03-27
219,Flint Firbank,1974-09-14
220,Johann Bellay,1981-02-06
221,Chris Crauford,1987-01-29
222,Sherwynd Smissen,1986-08-28
223,Tab Pleaden,1978-08-02
224,Salomon Philliskirk,1971-06-01
225,Derek Hasty,1996-12-19
226,Dev Bothwell,1978-08-14
227,Suzann Pears,1996-07-26
228,Kaiser Benthall,2001-10-04
229,Brooke Glander,1988-11-30
230,Daphna Knevet,1997-03-20
231,Meaghan Gummoe,1992-03-12
232,Niccolo Flatman,1981-09-07
233,Helenelizabeth Ambrois,1994-12-29
234,Shermy Longfut,2004-10-25
235,Bevan Halfhide,2000-06-09
236,Beatrix Stratford,1980-05-11
237,Antonino Rook,1979-05-18
238,Shane Champerlen,1987-12-06
239,Daveta Lease,1980-11-25
240,Sonnie Tieman,1983-03-03
241,Wat Brozek,1979-02-02
242,Purcell Gerritzen,1978-05-31
243,Leicester Sprowle,1995-10-01
244,Ethelin Steanyng,1985-02-26
245,Ardelle Reeson,1989-01-11
246,Bogey Beverage,1998-09-21
247,Harrison Volkes,1987-10-21
248,Waldo Champney,1986-08-22
249,Sauncho Briars,1974-06-07
250,Diannne Spehr,1997-05-14
251,Iseabal Caroli,1989-10-24
252,Rianon Dowry,1988-03-08
253,Murvyn Warrack,2002-05-31
254,Danyelle Marfield,1985-08-22
255,Yves Mastrantone,1981-10-02
256,Milli Lghan,1999-11-27
257,Marris Shillaker,1989-02-08
258,Rowland Guarin,1973-07-08
259,Ginnifer Youngman,1988-05-02
260,Beaufort Dobson,1980-04-27
261,Izabel Manntschke,1981-12-09
262,Wrennie Marciek,1991-12-10
263,Lani Yurkov,1980-12-03
264,Roy Kemet,1985-03-01
265,Ebony Braundt,1999-07-19
266,Bianka Blucher,1977-11-20
267,Galvan Cossam,1973-09-07
268,Wilt Childe,1977-10-02
269,Sheffield Napier,1998-12-17
270,Gloriana Bediss,1976-09-22
271,Steward Philcox,1999-12-25
272,Powell Twaits,1974-09-28
273,Brion Swatman,1977-07-18
274,Kaile Roby,1985-04-15
275,Kora Measey,1986-12-05
276,Moina Flemmich,1975-11-15
277,Wadsworth Murdoch,1999-04-04
278,Julieta Purchon,1988-03-12
279,Antonina Pineaux,1983-07-05
280,Pier Quadling,1977-11-15
281,Lisha MacNair,1974-01-10
282,Tony Jolley,1984-07-27
283,Mufinella Tomaino,1982-08-01
284,Rosemaria Lehrmann,1993-04-09
285,Rupert Plumridege,1983-09-14
286,Glenn Tieman,1989-11-11
287,Marcellus Haydney,1986-04-14
288,Deeann Jirik,1975-02-11
289,Morie Pennino,1987-03-24
290,Murial Pearsall,2000-01-21
291,Nanon Philip,1979-05-03
292,Frazer Domone,1980-07-02
293,Kaela Plues,1987-09-23
294,Gladys Richardot,1972-02-10
295,Boone Guillou,1994-10-15
296,Ansley Witcherley,1974-11-03
297,Car Ings,1981-01-09
298,Bryon Le Claire,1973-06-08
299,Tallou Zywicki,1972-05-27
300,Emalia Kynan,1977-09-14
301,Rafi Krauss,1997-07-21
302,Florella O'Loghlen,2004-04-03
303,Sayers Joost,2000-10-25
304,Bobina Tejada,1970-08-09
305,Vanda Janoschek,1988-09-29
306,Stephanie Sapey,1986-08-21
307,Lek De Freyne,1981-04-17
308,Melicent Mohamed,1999-02-28
309,Horace Langer,1994-09-04
310,Anya Sollam,1994-07-11
311,Emili Freiberg,1999-12-22
312,Dianemarie Hardcastle,2004-08-20
313,Rorie Fenners,1986-03-28
314,Elsa Benit,1986-05-05
315,Kylila Josiah,1987-11-01
316,Eden Shelp,1989-12-27
317,Benedick Limb,2000-02-20
318,Milena Bowery,2002-02-07
319,Harwell Primak,1990-03-19
320,Balduin Ciementini,1996-05-09
321,Wendie Thornbarrow,1977-10-24
322,Jimmie Buy,1992-05-07
323,Ronny Bellin,1986-12-20
324,Jud Mohring,2003-09-12
325,Ernst Pesic,1984-05-04
326,Nettle Godridge,1977-04-13
327,Priscella Leemans,1975-01-20
328,Sabine Fayter,1991-05-05
329,Micki Armstrong,1987-02-19
330,Tabitha Facer,1972-07-11
331,Nathan Duesberry,1988-02-22
332,Edee Korn,1994-01-14
333,Wendall Cops,1986-01-12
334,Irv Davydkov,1970-05-14
335,Arch Wallbank,1978-05-23
336,Deborah McKimm,1981-04-26
337,Jeno Rounds,1989-07-28
338,Aksel Stopforth,1987-08-04
339,Carr Hebbes,1985-01-29
340,Sylvia Buddell,1976-09-16
341,Wini Mateos,2000-12-13
342,Paxon Botterell,1978-09-17
343,Patrice Couth,1995-09-23
344,Shermie Riddick,1983-07-26
345,Karyl Groundwater,1979-03-21
346,Krista Lanon,2005-12-24
347,Sacha Purdey,1980-09-26
348,Dukey Mougel,1996-04-27
349,Emiline Widmore,1981-05-30
350,Jory Egdal,1984-07-14
351,Cori McNeillie,1973-12-02
352,Kate Farryan,1991-01-29
353,Paton Cartmell,1995-04-25
354,Inessa McPhail,1982-04-27
355,Adrienne Drejer,1992-04-21
356,Maighdiln Curness,1999-01-05
357,Judon Sinton,1979-12-01
358,Griselda Clayworth,1971-11-26
359,Karim Le Floch,1971-07-19
360,Tabby Charter,1981-03-30
361,Wat McAlister,1984-02-20
362,Evangeline Glowach,1995-07-22
363,Pacorro Mufford,1996-06-12
364,Flossie Kynsey,1985-02-04
365,Adlai Markus,1994-11-12
366,Emmey Rosellini,1990-06-05
367,Max Radbond,1971-02-14
368,Rosmunda Castagneto,1975-01-01
369,Dalila Shelford,1973-05-20
370,Izabel Shepcutt,1983-04-06
371,Cyndi Ellsom,1989-04-24
372,Kalie Suett,1981-10-10
373,Briano Downer,1970-11-18
374,Odey Cortin,1997-02-27
375,Horatio Jorczyk,1976-06-29
376,Michal Eales,1982-06-18
377,Kinny Nisard,1999-08-30
378,Sisely Keilty,1970-04-02
379,Kerstin Spuffard,1981-12-08
380,Avigdor Reaman,1972-11-12
381,Iorgos Doodney,1972-10-23
382,Zolly Saket,1999-01-20
383,Helen Gullick,1971-12-17
384,Elden Samsin,1989-04-14
385,Toby Titford,1994-09-21
386,Charlean O' Concannon,2005-04-13
387,Demeter Longmate,1978-11-12
388,Alix Sedgmond,1999-09-03
389,Maisey Lillie,1998-01-13
390,Reeta Santello,1970-06-02
391,Judi Vamplus,2000-09-20
392,Mar Antczak,1995-04-13
393,Jamie Treace,2004-10-18
394,Livy De Simoni,1991-04-20
395,Say Ilyenko,1990-02-21
396,Robinett Brimman,1978-01-04
397,Nana Mount,2000-05-19
398,Sid Krzyzaniak,1998-10-02
399,Karena Ayscough,1992-09-08
400,Lisha Bracher,1986-10-29
401,Ewell Craigs,1999-04-25
402,Ignatius Bestwick,1983-06-01
403,Burr Sterman,1993-03-10
404,Nona Sango,1991-08-18
405,Filberte Hewlings,1999-03-27
406,Allyce Wheal,1982-05-02
407,Ayn Westmacott,2000-10-18
408,Hayyim Baudry,1985-08-15
409,Cathlene Elman,2003-10-29
410,Emmy Barnwall,1974-06-02
411,Ker Sparshatt,1996-01-13
412,Dorene Davitt,1983-05-31
413,Krystle Janas,1988-05-05
414,Craggy Macconaghy,1997-05-07
415,Ashlee Donohoe,1994-01-05
416,Penny Pitfield,1982-10-24
417,Charlton Bowld,1982-01-25
418,Torrin Tarbin,1995-03-14
419,Allina Teece,1993-07-14
420,Chery Lombard,1989-03-30
421,Estella Westhead,1982-07-17
422,Simonne Boustred,1998-03-23
423,Bettina Pauley,1970-04-27
424,Nickey O'Cannan,1993-11-10
425,Verne Ostrich,1993-04-02
426,Marty Burdoun,2002-05-14
427,Madlen Bille,1981-02-21
428,Aileen Belcham,1976-03-06
429,Mable Roff,1974-04-15
430,Noella Borrington,1975-06-02
431,Arda Milius,1984-11-10
432,Bertina Geockle,1996-06-21
433,Gina Cattell,1973-08-06
434,Agnella Hun,1983-01-25
435,Nicole Dampney,1979-08-02
436,Tammy Harte,1975-12-27
437,Charla MacGorman,2003-09-18
438,Zelig Danne,1991-09-14
439,Gabby Mayho,1976-02-12
440,Jakob Surr,1981-05-01
441,Jessa Walsh,2003-02-28
442,Celene Mildenhall,1977-06-13
443,Laureen Eustes,1978-03-16
444,Alard Stitcher,1995-11-25
445,Concettina Walworche,1985-01-11
446,Lou Labadini,1999-10-29
447,Klarrisa Callendar,1970-07-22
448,Monica Brownsett,1991-04-19
449,Peter Stuehmeyer,1996-02-26
450,Ned Rizzardi,2000-11-13
451,Marla Fielder,1992-04-05
452,Cass Duigan,1987-05-14
453,Almeta Cradick,1974-04-18
454,Ozzy Dalyiel,1983-05-23
455,Kiley Blackway,1977-01-23
456,Kissee Moar,1991-04-05
457,Jarvis Brinicombe,1985-09-27
458,Luther Chrystal,1976-06-18
459,Vinnie Cosgreave,1989-05-30
460,Erskine Feare,1986-07-14
461,Jyoti Falco,1978-12-27
462,Karel Maylott,1998-02-22
463,Shir Jeannot,1987-07-22
464,Janeczka Yeowell,1996-03-28
465,Matias Garnar,1990-10-09
466,Dina Messier,2003-01-23
467,Elia Saffell,1979-06-29
468,Lin Johanchon,1976-03-20
469,Maggie Rymour,1987-07-04
470,Kellen Chazier,1975-02-22
471,Seymour Ratie,1972-11-03
472,Ken Eggleson,2005-07-07
473,Elva Knotte,1996-04-26
474,Claresta Fossitt,1974-12-13
475,Toddy Fritchley,1984-04-28
476,Garnet Greenman,1992-04-05
477,Tad Malsher,1970-01-20
478,Corbet Havill,1988-06-24
479,Esteban Kelwick,1988-10-28
480,Douglass Crombie,1976-08-24
481,Willie Trevan,1996-03-31
482,Quinton Templeman,1973-07-14
483,Neale Corteney,2000-09-10
484,Vitia Atkirk,1984-08-02
485,Millie Wrist,1976-06-20
486,Vania Till,1985-10-17
487,Colver McElane,1991-08-29
488,Alia Bladder,2002-01-15
489,Anna-maria Bastide,1980-01-22
490,Layla Ballister,1973-08-03
491,Marysa Lang,1990-06-07
492,Fanchette Coggan,2004-08-17
493,Cass Nerheny,2003-08-29
494,Taffy Trenear,1970-01-11
495,Persis Pettipher,1991-09-26
496,Reginald Holsey,1989-11-18
497,Raina Druett,1977-03-06
498,Mahala Bogeys,1989-12-09
499,Urban Malamore,2000-10-06
500,Justinian Yearnsley,1979-12-08
501,Hope Tattersall,1970-11-05
502,Clerkclaude Pitcaithly,2001-08-21
503,Glori Cottee,1993-10-25
504,Jill MacAllan,1987-06-28
505,Hesther Craigmile,1985-05-09
506,Eulalie Persey,1983-10-09
507,Richy Cornilli,1994-07-17
508,Robbin Bendle,1974-05-26
509,Mindy Feige,1991-06-12
510,Gardie Radband,1998-02-20
511,Matthias Hadny,2004-09-23
512,Orelee Eagland,1982-06-23
513,Bram McGebenay,1996-03-20
514,Cheston Filoniere,1976-07-27
515,Gradeigh Phlippi,2003-11-07
516,Everett Pollen,1999-03-08
517,Channa Bratcher,1989-04-18
518,Preston Broggio,2002-09-27
519,Rorke Kibble,1987-12-06
520,Roley Volett,1978-05-01
521,Daphna Whitnall,1994-07-01
522,Bartholemy Loiterton,1970-11-30
523,Tabitha Smead,1978-05-16
524,Clementius Letten,1987-11-20
525,Quint Freathy,1999-01-08
526,Cassey Pagnin,1998-02-09
527,Corene Sarjant,1997-10-22
528,Bren Storrs,2004-08-21
529,Ileana Belbin,1991-10-13
530,Renae Gleder,1999-02-10
531,Osborn Raspin,1973-06-27
532,Tommie Hrishanok,1997-10-28
533,Lela Ticic,1979-11-08
534,Dominic Serrell,1972-06-09
535,Dorey Nellies,1971-03-09
536,Dacie Trower,1998-05-27
537,Hakim Darrington,1979-12-11
538,Mikel McCourt,1978-07-19
539,Emmi Stoffers,1987-06-11
540,Stephanus Drewet,1974-09-05
541,Tisha Kobes,1993-10-31
542,Corly Tinn,1989-06-18
543,Ezmeralda Franscioni,1994-04-30
544,Morgen Berns,1996-03-17
545,Bail Dumblton,1974-09-22
546,Ingaborg Teliga,1977-10-03
547,Rusty Andrus,1989-09-23
548,Roxanna Stiff,1971-05-28
549,Donny Meadway,1983-01-19
550,Nicole Tindley,1997-12-23
551,Oswell Naish,1973-10-02
552,Garfield Rosterne,1988-12-31
553,Milicent Petrichat,1989-10-28
554,Rubia Stallworthy,1970-06-25
555,Vince Gisbey,1987-04-18
556,Garnet Buglar,2005-02-28
557,Benji Habershon,1996-08-19
558,Aymer Raftery,1983-10-27
559,Sylas Rijkeseis,1991-10-07
560,Bili Allanson,1975-04-03
561,Arv Whiteside,1979-06-02
562,Dorothea Garces,1994-09-23
563,Hillier Le Provost,2000-10-03
564,Amos Colmore,1992-11-04
565,Charleen Paige,1980-05-18
566,Carmon Watkiss,1990-04-26
567,Tulley Whitnall,1979-06-20
568,Edwina Foulgham,1973-04-06
569,Kally Edinborough,1985-03-04
570,Hendrick Margery,1978-12-20
571,Gardner Holtaway,1971-05-27
572,Modesty Mitroshinov,1981-09-23
573,Eal Shernock,1982-10-21
574,Celka Snepp,2001-03-01
575,Rasia Phillipson,1996-06-14
576,Saw Smales,1977-06-18
577,Hamish Krysztofiak,1975-05-16
578,Loella Toynbee,1978-12-12
579,Margery Redihough,1994-03-12
580,Ted Borland,2004-01-22
581,Gussie Narup,2000-07-26
582,Elke Hizir,1981-12-19
583,Nichol Paffitt,2005-12-16
584,Brendis O'Hara,1998-08-24
585,Lexie Crease,1980-07-21
586,Sukey Beernaert,1987-04-08
587,Job Belbin,1989-09-11
588,Henri Bouskill,2001-03-30
589,Adena Mallalieu,1999-02-28
590,Irv Ryrie,1994-04-21
591,Jessie Woolley,1975-02-24
592,Cyndie Everwin,1996-06-08
593,Nil Stickler,1981-12-21
594,Daisey Hanby,1993-04-10
595,Linea Sinnatt,1995-03-12
596,Staffard Ferschke,1982-05-18
597,Kikelia Gauthorpp,1974-02-14
598,Florinda Pougher,1995-07-24
599,Glyn Armatage,2002-05-13
600,Liesa Hedworth,1983-04-20
601,Alidia Kiss,1988-09-20
602,Brittaney Witchalls,1977-06-08
603,Dulcine Echallie,1978-08-07
604,Anderea Tirone,1999-02-13
605,Ferdy Lamacraft,1972-03-25
606,Lorinda Parriss,1988-07-19
607,Lena McKeveney,1998-08-16
608,Silvester Churn,1979-08-27
609,Margy Hawkin,2003-12-24
610,Hedvig Carreck,1988-01-19
611,Mabel Listone,1985-10-27
612,Jodee Foale,1988-11-19
613,Rip Sabbins,1973-10-02
614,Joelle Dangl,1993-02-15
615,Cesar Buzek,2002-09-10
616,Meryl Greenly,1992-09-06
617,Conny Exrol,1979-03-15
618,Maura Rutigliano,1990-04-09
619,Randa Tonner,1997-01-15
620,Dorelia Canner,1992-05-23
621,Minetta Rubberts,1978-05-04
622,Ianthe Jakes,1998-05-27
623,Susannah Farnall,1991-11-28
624,Philipa Newlove,1995-05-22
625,Franky Boykett,1974-02-04
626,Burnard Taylor,1975-05-18
627,Jo-anne Casterou,1998-10-25
628,Jeremiah Nuzzetti,1976-06-04
629,Hildagard Ruggs,1995-08-21
630,Carree Crackel,1981-06-02
631,Ernestus Van Niekerk,1973-09-23
632,Sylvia Kerins,1987-09-15
633,Lynette Sunley,1979-05-25
634,Alf Wimbury,1995-04-28
635,Rosalind Losano,1973-10-10
636,Aarika Ingray,1992-05-12
637,Elliot Whatford,1995-02-15
638,Jessie Shwalbe,2003-10-25
639,Sansone Joll,1988-03-04
640,Caressa Chatfield,1985-10-18
641,Jeane Larver,1993-11-13
642,Marleen Fissenden,1973-08-18
643,Pearce Bettison,1990-05-26
644,Leupold D'Alesio,1982-04-05
645,Tracie Bainbrigge,1997-06-29
646,Agna Mott,1975-09-27
647,Othilia Maria,1976-03-08
648,Hercules Mathias,1990-07-03
649,Lacey Jancy,1992-08-28
650,Kyrstin Sellers,1982-08-27
651,Sunny Emanuel,1970-04-30
652,Jacqueline McSparran,1973-01-17
653,Rutter Betchley,1976-09-19
654,Missie Pratty,1984-10-18
655,Clotilda Mattam,1974-03-23
656,Dolf Buzin,1977-11-12
657,Drew Chazotte,1971-02-23
658,Penelope Froggatt,1974-11-05
659,Veronike Spratling,1993-04-03
660,Barney O' Ronan,2002-10-05
661,Clem Wadhams,1981-07-29
662,Horacio Harrinson,2004-06-12
663,Raine Honniebal,2005-07-22
664,Levin Grelik,1985-08-05
665,Darda Courtonne,1993-03-21
666,Alexei Shyre,1990-06-29
667,Henri Meddick,1995-05-13
668,Raquel Heifer,1990-10-11
669,Brandais Tripp,1978-09-13
670,April Hannibal,1982-12-30
671,Dinny Cominetti,2005-04-03
672,Ragnar Linham,1983-07-12
673,Dulsea Kondratenko,1973-12-26
674,Gussy Dunford,1973-03-11
675,Nariko Canning,1993-08-25
676,Nanni Rizzardini,1992-09-07
677,Trey Cosbee,1987-08-17
678,Hermie Larman,1980-07-30
679,Shaine Jump,1971-11-12
680,Hewie Lissenden,1996-06-15
681,Rodolph Youson,1970-04-06
682,Grier Hartop,1982-09-04
683,Mara Gammett,1973-01-24
684,Oliver Monte,1970-02-10
685,Blondell Hamal,1980-06-07
686,Jameson Scourgie,1997-12-18
687,Chaim Kohnemann,1988-01-15
688,Starlin Murr,1980-04-04
689,Viviana Ravillas,1997-06-18
690,Robert Ughelli,1997-11-06
691,Jake Wookey,1988-05-22
692,Hamid Beccera,1992-02-14
693,Kattie Gaskins,1977-03-08
694,Emilee Crother,1983-11-02
695,Sonja Lyttle,1983-10-02
696,Molly Carver,1982-10-17
697,Sheeree Eleshenar,1983-07-21
698,Timmi Gathercoal,1980-08-13
699,Isabella Kestian,1987-11-15
700,Ema Leisman,2004-11-19
701,Sheryl Furber,1973-07-03
702,Trisha Platts,1990-07-14
703,Martino Doddemeede,1980-05-08
704,Mar Fonso,1994-01-29
705,Charline Messier,1977-06-23
706,Orbadiah Greves,1990-11-08
707,Siana Strewthers,1999-09-03
708,Devi Esposita,1992-12-03
709,Dorette Axston,1999-01-09
710,Suzanna Barme,1988-01-17
711,Alec Kleinhausen,1998-10-07
712,Deny O'Flaherty,1984-08-28
713,Juan Braime,1981-08-12
714,Cheslie Entwisle,1972-10-30
715,Jakob Tirone,2004-12-03
716,Faustina Caroli,1994-08-23
717,Jenna Hoffner,1980-03-20
718,Dolores Skym,1976-09-14
719,Essie Antoniazzi,1987-11-18
720,Suzie MacCaughan,1989-10-02
721,Mellisa Nuschke,1979-11-24
722,Chrystel Armell,1989-10-26
723,Marion Forrest,2002-08-10
724,Herby Regitz,1997-11-29
725,Esme Sex,1979-08-22
726,Edgar Tibbits,2004-11-16
727,Stephi Schmuhl,1998-08-22
728,Meyer Quesne,2000-10-28
729,Coralie Matysiak,1981-02-24
730,Donnell Weddeburn - Scrimgeour,1986-12-26
731,Derril Rich,1970-11-16
732,Cortie Shearer,1977-11-09
733,Pattie Spivey,2003-12-13
734,Coralyn Sergeant,1977-12-24
735,Persis Whorall,2002-07-07
736,Nikolos Ruslin,1982-09-16
737,Holly Zecchinii,1995-07-02
738,Jakob Alu,1971-08-11
739,Alfons Janecek,2000-08-18
740,Pryce Wederell,1970-09-02
741,Zulema Hessenthaler,2001-09-26
742,Sterne Mingauld,1971-12-11
743,Gay Testro,1995-01-27
744,Dom Thomerson,1984-12-13
745,Charity Skirvin,1991-08-01
746,Claretta Rzehorz,1998-10-28
747,Brooks Tyrie,2003-12-03
748,Abdel Calender,2001-07-21
749,Carmelina Jiri,2004-04-13
750,Dulsea Ilyushkin,1974-07-16
751,Carlotta Penhale,1988-08-23
752,Dante Penbarthy,2000-08-13
753,Lothario Mew,2000-06-10
754,Aileen Tumielli,1977-02-24
755,Carolyn Arends,1980-06-14
756,Bambi Winfindale,1970-01-02
757,Hasty Mincher,2004-07-27
758,Amandie Bembridge,1990-07-06
759,Rowen Garbutt,1978-04-29
760,Rancell Sunman,1991-12-08
761,Carline Entwisle,2005-10-21
762,Vin Bestiman,1973-10-09
763,Harmonie Antunez,1978-03-08
764,Merill Sallter,1977-01-03
765,Massimo Hosburn,1978-08-29
766,Zsazsa Vedeniktov,1991-09-13
767,Jonell Frantsev,1974-05-06
768,Flo Pauls,2005-12-28
769,Conchita Lyes,1990-04-05
770,Ilaire Bysh,1990-09-17
771,Myriam Fortnum,1974-11-06
772,Alyson Erricker,1974-09-15
773,Sandra Croysdale,1988-12-15
774,Dianne Brame,1995-10-19
775,Rose Petrie,1995-03-28
776,Abe Di Biasio,2002-10-26
777,Tootsie Moodycliffe,1979-12-24
778,Eldon Allom,2004-09-12
779,Mahmoud Foan,1982-07-07
780,Row Hughes,1980-07-03
781,Gussi Spurriar,1973-09-13
782,Ladonna Perotti,1973-02-21
783,Felike Dash,1974-11-17
784,Zacherie Rawls,1974-06-22
785,Rik Gerry,1984-08-13
786,Demetrius Thurling,1975-03-02
787,Harbert Thoday,1979-11-12
788,Easter Brookson,1986-08-23
789,Lena Mulcahy,1977-06-28
790,Vina Follis,1982-06-15
791,Virge Hawksby,2002-10-22
792,Fonz Resun,2003-10-23
793,Karim Sille,1971-05-13
794,Angie Clayill,2005-03-23
795,Shirline Yeiles,1973-10-26
796,Guthrey Tellenbroker,1987-12-19
797,Evelyn Tomblin,1999-12-28
798,Giselbert Lace,1982-04-28
799,Meghan Chipps,1971-10-13
800,Magdalene Arckoll,1999-03-24
801,Jandy Lusk,2000-02-13
802,Michele Grahl,1977-08-05
803,Xymenes Borham,1970-02-04
804,Lebbie Thorington,1970-08-23
805,Grete Seawell,1988-05-27
806,Mart De Vuyst,1979-04-27
807,Shelby MacDuff,1972-08-06
808,Virginie Balsellie,1981-06-30
809,Kalindi Duckworth,2005-07-24
810,Cherianne Harbour,1985-12-06
811,Nerita Stockill,1999-02-13
812,Marcelle Camsey,1984-05-30
813,Idaline Wylie,1981-04-03
814,Skyler Dryden,1983-12-02
815,Jayson Hannigane,1984-09-05
816,Glynda Coggon,1978-07-28
817,Shelley Savary,1993-01-29
818,Johannah Doerren,1982-05-06
819,Nevins Demchen,1976-05-12
820,Eda Bownes,1987-01-21
821,Rory Mewton,1993-05-15
822,Ilaire Ligerton,1989-01-15
823,Rutter Troubridge,1993-08-12
824,Imogen Halahan,1992-01-08
825,Harriet Klammt,1980-08-13
826,Lin Stockall,1979-03-02
827,Erhard Brecknall,1978-06-11
828,Abram Ackers,1970-04-01
829,Brockie Bigadike,1978-07-05
830,Roderich Berk,1987-04-26
831,Nadiya Foddy,1970-04-19
832,Sybil Pilgram,1976-06-03
833,Fan Caplan,1995-10-15
834,Faustine Pacht,1992-07-24
835,Marchelle Soppitt,2001-06-12
836,Mair Sansbury,1981-05-23
837,Idette McGriffin,1995-03-28
838,Lucian Ridoutt,1975-11-27
839,Garrott Delieu,1979-10-26
840,Hamlen Tait,1985-01-24
841,Joyce Breadmore,2005-07-13
842,Desi Capelen,1992-10-21
843,Lynett Girvan,1993-04-16
844,Norrie O'Collopy,1986-05-09
845,Lacee Roggeman,1972-07-23
846,Ulrika Blodgetts,1988-12-21
847,Boone Ox,1986-05-11
848,Dominik Mebes,1976-06-13
849,Staci Urwin,1970-08-03
850,Braden Rotter,1972-04-20
851,Sela Grimster,1983-08-25
852,Chauncey Yitzhak,1984-05-22
853,Stacy Kennerknecht,1992-09-09
854,Georg Soppit,1985-03-08
855,Leena Bellamy,2003-11-12
856,Allen Behnecken,1997-06-06
857,Janaya Samme,1998-04-09
858,Caroline Isacke,1979-10-14
859,Jewel Greave,1999-02-21
860,Devan Basilotta,1990-03-09
861,Reta Stode,1993-09-27
862,Charissa Bygraves,1970-08-26
863,Min Brickett,2003-03-24
864,Bella Minot,1999-06-30
865,Isadore Feldfisher,2002-01-04
866,Justis McGrorty,2003-08-31
867,Alf Dict,1986-04-17
868,Myrah Fogarty,2003-03-19
869,Jory Etchells,1983-05-17
870,Peggy McGuane,1985-08-06
871,Victoir O' Hogan,2002-02-13
872,Lemmy Tremayle,1996-02-02
873,Agnella Rudland,1992-03-16
874,Vincenty Spadeck,2005-03-05
875,Dreddy Lemm,2003-12-02
876,Malvin Hug,1983-07-26
877,Hedy Athowe,1991-10-15
878,Buddie Haycraft,1999-03-18
879,Salvidor Pyzer,1994-04-05
880,Temple Tiery,2002-09-17
881,Wilek Barstow,1977-10-31
882,Welch Broun,1982-01-13
883,Bentley Maggiori,2004-05-16
884,Chanda Leist,2002-03-13
885,Blanch Vanichkov,1985-10-15
886,Gaile Benbough,1996-12-25
887,Denny Reeman,1977-12-11
888,Candy Bodimeade,1989-07-26
889,Chic Burland,1971-11-11
890,Lenard Fennell,1994-07-29
891,Ashia Seel,1992-11-14
892,Davina Shadrach,1977-05-06
893,Jillana Debling,1971-06-11
894,Krista O' Cloney,1982-08-13
895,Skyler Berrill,2004-04-27
896,Des Bergstrand,1989-03-21
897,Lilah Arkill,1973-06-10
898,Carmine Wise,1988-11-30
899,Morty Larkings,1997-12-02
900,Wallie Connock,1982-08-28
901,Lewes Whiteside,1981-11-30
902,Darby Bernardini,1999-02-10
903,Sapphira Verma,2004-07-29
904,Lin Christophle,2000-02-08
905,Guillema Conws,2003-02-09
906,Glennis Cornely,1984-08-20
907,Hartwell Zupone,1978-06-03
908,Melisenda Castelin,1986-04-22
909,Stacy Janovsky,1984-03-18
910,Conny Erswell,1972-06-11
911,Kipp Cundy,1979-02-05
912,Sabine Janauschek,1992-04-25
913,Celisse Spraggon,1997-03-12
914,Jan Medlin,1980-10-30
915,Tiertza Cristoforo,1983-06-23
916,Lucila Zanutti,1995-03-10
917,Marget Paslow,2001-05-27
918,Jason Godman,1986-01-18
919,Elia Duddy,1972-08-01
920,Udale Tomasz,1992-09-13
921,Hildegaard Camili,1991-09-07
922,Dionis Doggett,1996-06-30
923,Moria Matonin,1999-11-23
924,Essa Few,1982-12-21
925,Hadleigh Stearnes,1984-01-31
926,Del Rozycki,1973-01-31
927,Davon Molineux,1989-10-14
928,Theodore Fulop,2001-03-17
929,Odell Penk,2004-06-25
930,Katey Huggin,1970-11-04
931,Derron Mannion,1981-09-02
932,Ainslie Lippingwell,2003-12-20
933,Cordelia Snelson,1979-08-03
934,Berkie Pimm,1970-01-28
935,Bran O'Hagan,1990-07-07
936,Rodrick Brookwood,1997-02-03
937,Asher Pawelec,2001-04-01
938,Mauricio Amorts,1986-10-26
939,Gui Sydry,1982-11-22
940,Maison Rizzardi,2002-04-13
941,Emanuel Sunnucks,1979-05-19
942,Wyatan Swainger,1980-08-20
943,Lothario Cullivan,1984-10-04
944,Brnaba Druitt,1980-02-22
945,Feodor Ashness,1987-06-28
946,Mariette Dryden,1980-12-05
947,Town Snoddy,1988-02-02
948,Teodor Fickling,1993-04-13
949,Jaine Simka,1977-06-08
950,Vikky Cobello,1989-11-27
951,Bink Coney,1987-12-01
952,Albina Hanning,2004-10-01
953,Roxie Meere,1985-04-07
954,Justen Landall,1972-07-25
955,Lay Anscombe,1970-01-28
956,Jermaine Marciskewski,1988-07-07
957,Ruben Venton,2001-12-15
958,Ninnetta Gillhespy,2001-10-23
959,Daron Stephens,1979-06-10
960,Amalie Kenzie,1975-12-07
961,Rodie Rabbitts,1982-04-25
962,Marietta McRinn,1986-12-15
963,Aylmar Tyne,2001-03-09
964,Elsa Matuskiewicz,1972-09-15
965,Garreth Jehu,1980-08-28
966,Leta Aloshechkin,1997-07-20
967,Melody Feacham,1986-01-27
968,Ingmar Peery,1972-09-16
969,Kristofor Henrys,1985-12-12
970,Juliann Ebbles,2001-12-03
971,Claiborne Carletto,1970-12-10
972,Carine Kitter,1980-08-10
973,Ardis Staneland,1983-11-25
974,Renae Remnant,2000-04-07
975,Linda Macci,2000-02-15
976,Arte Crier,1977-06-16
977,Kermy Peggrem,1975-09-18
978,Sunny Wythill,1994-08-19
979,Megan Dowrey,1978-07-20
980,Carlee Sheards,1982-02-25
981,Kenny Baxstare,1981-01-09
982,Bald Levy,1973-03-06
983,Willey Stavers,1989-04-23
984,Willabella Krzysztofiak,1977-08-31
985,Maighdiln Wharfe,1985-01-07
986,Jaye Cowdroy,1997-07-30
987,Gus MacAndreis,1992-04-23
988,Xena Crosfeld,1999-11-13
989,Christophorus Dilleston,1971-11-16
990,Gisele Bjorkan,1981-05-10
991,Lilias Moyce,1999-10-14
992,Lonnie Maudlen,1972-10-13
993,Valene Queree,1990-11-03
994,Job Pechell,1995-07-17
995,Geralda Starte,2002-06-03
996,Helli Bessey,1973-05-11
997,Shepherd Devine,1993-09-15
998,Camala Hebner,1986-06-14
999,Cariotta Tollemache,2000-07-13
1000,Penrod Brundill,1996-02-08
